window_count,mean_expected_return,std_expected_return,mean_volatility,std_volatility,mean_utility,std_utility
84,0.14161815784849083,0.0720396150538087,0.1425250957157657,0.034916028826694596,0.10214184922249712,0.05692347055203655
